{"iters": 100, "running_train_loss": 82.40690561568383, "running_train_accuracy": 5.198019801980198, "_step": 1, "_runtime": 416, "_timestamp": 1608627455}