{"epoch": 34, "train_loss": 2.9696166456914415, "val_loss": 2.9768067489970815, "train_acc": 7.54187091503268, "val_acc": 8.106060606060607, "_step": 34, "_runtime": 612, "_timestamp": 1608807537}