{"epoch": 34, "train_loss": 1.383253815133097, "val_loss": 1.4507852366992406, "train_acc": 55.65622440622441, "val_acc": 54.36507936507937, "_step": 34, "_runtime": 444, "_timestamp": 1608827489}