{"epoch": 34, "train_loss": 0.38062485341542684, "val_loss": 0.9446056708693504, "train_acc": 89.48631535947712, "val_acc": 72.06280048076923, "_step": 34, "_runtime": 630, "_timestamp": 1608809124}