{"epoch": 34, "train_loss": 0.21799919992880104, "val_loss": 1.0505051910877228, "train_acc": 94.7406045751634, "val_acc": 69.8993389423077, "_step": 34, "_runtime": 990, "_timestamp": 1608819946}