{"iters": 10, "running_train_loss": 3.0386675704609263, "running_train_accuracy": 5.752840909090909, "_step": 1, "_runtime": 262, "_timestamp": 1608641019}