{"epoch": 6, "train_loss": 1.9810284352693401, "val_loss": 1.8053646087646484, "train_acc": 36.94159836065574, "val_acc": 42.7734375, "_step": 6, "_runtime": 559, "_timestamp": 1608790088}