{"iters": 90, "running_train_loss": 3.0318456482101275, "running_train_accuracy": 4.8592032967032965, "_step": 9, "_runtime": 1366, "_timestamp": 1608648999}