{"epoch": 34, "train_loss": 2.9947445087745543, "val_loss": 2.9957751482725143, "train_acc": 5.122950819672131, "val_acc": 4.8828125, "_step": 34, "_runtime": 630, "_timestamp": 1608795025}