{"epoch": 34, "train_loss": 1.2744448706994649, "val_loss": 1.3453655689954758, "train_acc": 59.55882352941177, "val_acc": 57.6171875, "_step": 34, "_runtime": 373, "_timestamp": 1608814821}