{"epoch": 99, "train_loss": 0.2586783877774781, "val_loss": 0.9701904952526093, "train_acc": 94.015522875817, "val_acc": 71.01111778846153, "_step": 99, "_runtime": 1208, "_timestamp": 1608829758}