{"iters": 150, "running_train_loss": 3.0307770328016472, "running_train_accuracy": 5.0031043046357615, "_step": 15, "_runtime": 2132, "_timestamp": 1608644108}