{"iters": 10, "running_train_loss": 3.0492644743485884, "running_train_accuracy": 4.545454545454546, "_step": 1, "_runtime": 264, "_timestamp": 1608641406}