{"epoch": 34, "train_loss": 2.3379044614854405, "val_loss": 2.332445815205574, "train_acc": 26.61372950819672, "val_acc": 27.63671875, "_step": 34, "_runtime": 534, "_timestamp": 1608806915}