{"iters": 30, "running_train_loss": 3.049801472694643, "running_train_accuracy": 5.241935483870968, "_step": 3, "_runtime": 488, "_timestamp": 1608649757}