{"epoch": 34, "train_loss": 0.6386993300719339, "val_loss": 1.0820141099393368, "train_acc": 79.50819672131148, "val_acc": 66.58203125, "_step": 34, "_runtime": 566, "_timestamp": 1608808481}