{"epoch": 34, "train_loss": 0.889328547942093, "val_loss": 1.2446150109171867, "train_acc": 71.5328839869281, "val_acc": 62.101862980769226, "_step": 34, "_runtime": 600, "_timestamp": 1608804711}