{"epoch": 17, "train_loss": 2.134377273858762, "val_loss": 2.2166135636242954, "train_acc": 31.525735294117666, "val_acc": 30.984848484848488, "_step": 17, "_runtime": 614, "_timestamp": 1608806363}