{"epoch": 45, "train_loss": 0.17876720746032526, "val_loss": 0.9645379651337862, "train_acc": 96.49590163934427, "val_acc": 73.1640625, "_step": 45, "_runtime": 829, "_timestamp": 1608792227}