{"epoch": 34, "train_loss": 1.261746057421335, "val_loss": 1.3730305972553434, "train_acc": 60.14281326781329, "val_acc": 56.706349206349216, "_step": 34, "_runtime": 479, "_timestamp": 1608801614}