{"iters": 30, "running_train_loss": 2.9941633670560774, "running_train_accuracy": 5.342741935483871, "_step": 3, "_runtime": 467, "_timestamp": 1608736449}