{"epoch": 99, "train_loss": 0.16913435793195675, "val_loss": 1.0294287577271461, "train_acc": 97.04350490196079, "val_acc": 72.70132211538461, "_step": 99, "_runtime": 1198, "_timestamp": 1608831571}