{"iters": 150, "running_train_loss": 2.994402599650503, "running_train_accuracy": 5.251448675496689, "_step": 15, "_runtime": 48, "_timestamp": 1608789023}