{"epoch": 34, "train_loss": 0.8997092575323387, "val_loss": 1.2268304899334908, "train_acc": 71.09631147540983, "val_acc": 60.60546875, "_step": 34, "_runtime": 665, "_timestamp": 1608803605}