{"epoch": 16, "train_loss": 0.9718876918808359, "val_loss": 1.121451560407877, "train_acc": 68.81147540983606, "val_acc": 64.6875, "_step": 16, "_runtime": 942, "_timestamp": 1608791206}