{"epoch": 34, "train_loss": 0.2033952069438361, "val_loss": 1.1421833783388138, "train_acc": 96.2265114379085, "val_acc": 66.69921875, "_step": 34, "_runtime": 1539, "_timestamp": 1608823946}