{"epoch": 34, "train_loss": 0.5705294072139458, "val_loss": 1.024563972838223, "train_acc": 82.77663934426229, "val_acc": 68.45703125, "_step": 34, "_runtime": 602, "_timestamp": 1608815914}