{"epoch": 34, "train_loss": 0.26238584508693297, "val_loss": 1.0065071284770966, "train_acc": 93.72957516339869, "val_acc": 72.4834735576923, "_step": 34, "_runtime": 1527, "_timestamp": 1608825483}