{"iters": 60, "running_train_loss": 3.003773138171337, "running_train_accuracy": 4.969262295081967, "_step": 6, "_runtime": 911, "_timestamp": 1608651295}