{"iters": 150, "running_train_loss": 3.0435708690163317, "running_train_accuracy": 5.101407284768212, "_step": 16, "_runtime": 2300, "_timestamp": 1608668442, "epoch": 0, "train_loss": 3.043386450000838, "val_loss": 2.9941204488277435, "train_acc": 5.0755718954248366, "val_acc": 6.633112980769231}