{"epoch": 34, "train_loss": 2.949656015907238, "val_loss": 2.969833016395569, "train_acc": 8.741830065359476, "val_acc": 8.458533653846153, "_step": 34, "_runtime": 497, "_timestamp": 1608805218}