{"epoch": 99, "train_loss": 0.1619766111561998, "val_loss": 0.3562458851374686, "train_acc": 94.67213114754098, "val_acc": 90.80078125, "_step": 99, "_runtime": 11124, "_timestamp": 1608886450}