{"epoch": 34, "train_loss": 0.06042509613668218, "val_loss": 1.2566274851560593, "train_acc": 99.63235294117646, "val_acc": 67.93118990384616, "_step": 34, "_runtime": 1541, "_timestamp": 1608827035}