{"iters": 150, "running_train_loss": 2.9944729962885774, "running_train_accuracy": 5.028973509933775, "_step": 15, "_runtime": 62, "_timestamp": 1608787886}