{"epoch": 34, "train_loss": 2.9398031785388543, "val_loss": 2.9728174890790666, "train_acc": 9.049959049959051, "val_acc": 8.253968253968253, "_step": 34, "_runtime": 446, "_timestamp": 1608818457}