{"iters": 40, "running_train_loss": 67.12343597993618, "running_train_accuracy": 6.351626016260163, "_step": 4, "_runtime": 327, "_timestamp": 1608629282}