{"epoch": 34, "train_loss": 0.26052124480732153, "val_loss": 0.8918640874326229, "train_acc": 93.62192622950819, "val_acc": 74.00390625, "_step": 34, "_runtime": 627, "_timestamp": 1608795991}