{"iters": 120, "running_train_loss": 3.001893250410222, "running_train_accuracy": 5.52685950413223, "_step": 12, "_runtime": 717, "_timestamp": 1608630322}