{"epoch": 27, "train_loss": 0.7088269605011236, "val_loss": 1.0716619826853275, "train_acc": 77.46413934426229, "val_acc": 66.23046875, "_step": 27, "_runtime": 843, "_timestamp": 1608800076}