{"iters": 150, "running_train_loss": 2.9948802546949578, "running_train_accuracy": 4.78580298013245, "_step": 15, "_runtime": 48, "_timestamp": 1608788840}