{"epoch": 34, "train_loss": 0.40380342827468624, "val_loss": 0.9989351481199265, "train_acc": 87.91495901639344, "val_acc": 70.80078125, "_step": 34, "_runtime": 1321, "_timestamp": 1608812137}