{"epoch": 34, "train_loss": 1.8576154638739193, "val_loss": 1.8841331601142883, "train_acc": 39.802900326797385, "val_acc": 39.22776442307692, "_step": 34, "_runtime": 2076, "_timestamp": 1608818000}