{"epoch": 34, "train_loss": 0.1216748030551898, "val_loss": 1.221825860440731, "train_acc": 98.703022875817, "val_acc": 68.5546875, "_step": 34, "_runtime": 1515, "_timestamp": 1608821469}