{"epoch": 34, "train_loss": 1.307903751828312, "val_loss": 1.3967514485120773, "train_acc": 58.649918300653596, "val_acc": 55.32602163461539, "_step": 34, "_runtime": 381, "_timestamp": 1608827882}