{"epoch": 20, "train_loss": 3.022925925782037, "val_loss": 3.038666146142142, "train_acc": 5.1469082719082735, "val_acc": 4.96031746031746, "_step": 20, "_runtime": 1675, "_timestamp": 1608799042}