{"iters": 200, "running_train_loss": 3.0112926105954756, "running_train_accuracy": 5.425995024875622, "_step": 2, "_runtime": 753, "_timestamp": 1608628515}