{"iters": 60, "running_train_loss": 3.309083258519407, "running_train_accuracy": 5.020491803278689, "_step": 6, "_runtime": 917, "_timestamp": 1608640508}