{"epoch": 34, "train_loss": 0.24694329802117315, "val_loss": 0.9442985355854034, "train_acc": 94.05637254901961, "val_acc": 73.0243389423077, "_step": 34, "_runtime": 684, "_timestamp": 1608822167}