{"epoch": 34, "train_loss": 0.9797745354814467, "val_loss": 1.2768326997756958, "train_acc": 68.33639705882354, "val_acc": 59.87830528846154, "_step": 34, "_runtime": 481, "_timestamp": 1608818948}