{"epoch": 32, "train_loss": 1.4221496863443344, "val_loss": 1.5999801196157932, "train_acc": 53.857581967213115, "val_acc": 49.21875, "_step": 32, "_runtime": 1275, "_timestamp": 1608802899}