{"epoch": 34, "train_loss": 0.3690764039170508, "val_loss": 1.0957089811563492, "train_acc": 89.25653594771242, "val_acc": 67.1649639423077, "_step": 34, "_runtime": 1670, "_timestamp": 1608810806}