{"iters": 10, "running_train_loss": 3.0409094853834673, "running_train_accuracy": 5.610795454545454, "_step": 1, "_runtime": 310, "_timestamp": 1608641869}