{"epoch": 34, "train_loss": 1.6455386518652921, "val_loss": 1.7211364805698395, "train_acc": 47.25796568627451, "val_acc": 44.95192307692308, "_step": 34, "_runtime": 506, "_timestamp": 1608805735}