{"epoch": 34, "train_loss": 0.8070502287032557, "val_loss": 1.241621364246715, "train_acc": 74.234068627451, "val_acc": 62.02651515151515, "_step": 34, "_runtime": 1016, "_timestamp": 1608801126}