{"iters": 40, "running_train_loss": 3.0148455922196553, "running_train_accuracy": 4.573170731707318, "_step": 4, "_runtime": 283, "_timestamp": 1608628942}