{"epoch": 57, "train_loss": 0.28323278646977224, "val_loss": 0.4027689639478922, "train_acc": 91.05532786885246, "val_acc": 87.96875, "_step": 57, "_runtime": 6504, "_timestamp": 1608875262}