{"iters": 150, "running_train_loss": 3.201911250487069, "running_train_accuracy": 4.8841059602649, "_step": 15, "_runtime": 2146, "_timestamp": 1608633607}