{"epoch": 34, "train_loss": 2.9939158897773894, "val_loss": 2.996364398436113, "train_acc": 5.039828431372549, "val_acc": 4.734848484848485, "_step": 34, "_runtime": 1047, "_timestamp": 1608797355}