{"epoch": 34, "train_loss": 2.7991611174508635, "val_loss": 2.7790853543715044, "train_acc": 14.501633986928104, "val_acc": 15.321969696969695, "_step": 34, "_runtime": 485, "_timestamp": 1608804099}