{"epoch": 12, "train_loss": 1.775803638677128, "val_loss": 1.7444409653544426, "train_acc": 42.58709016393443, "val_acc": 43.9453125, "_step": 12, "_runtime": 342, "_timestamp": 1608807889}