{"epoch": 23, "train_loss": 0.9541791953024317, "val_loss": 1.1632324568927288, "train_acc": 69.32889344262296, "val_acc": 63.76953125, "_step": 23, "_runtime": 286, "_timestamp": 1608828180}