{"epoch": 34, "train_loss": 0.5685464679415709, "val_loss": 1.0326970592141151, "train_acc": 82.27634803921569, "val_acc": 68.45703125, "_step": 34, "_runtime": 470, "_timestamp": 1608815301}