{"epoch": 99, "train_loss": 1.3048923056633746, "val_loss": 1.2471464164555073, "train_acc": 59.23155737704918, "val_acc": 60.13671875, "_step": 99, "_runtime": 11092, "_timestamp": 1608849506}