{"iters": 0, "running_train_loss": 3.035287857055664, "running_train_accuracy": 5.208333333333333, "_step": 0, "_runtime": 208, "_timestamp": 1608576438}