{"epoch": 9, "train_loss": 1.8350466857938206, "val_loss": 1.7937681133096868, "train_acc": 40.456495098039234, "val_acc": 43.52272727272727, "_step": 9, "_runtime": 211, "_timestamp": 1608822390}