{"iters": 30, "running_train_loss": 23.189559575050108, "running_train_accuracy": 4.637096774193547, "_step": 3, "_runtime": 209, "_timestamp": 1608629571}