{"epoch": 34, "train_loss": 0.13421203305364632, "val_loss": 1.0141206663101912, "train_acc": 97.96618852459017, "val_acc": 71.77734375, "_step": 34, "_runtime": 2288, "_timestamp": 1608814435}