{"iters": 60, "running_train_loss": 3.289164672132398, "running_train_accuracy": 4.815573770491803, "_step": 6, "_runtime": 931, "_timestamp": 1608631302}